Name,Link
Trevor Lawrence,https://www.pro-football-reference.com/players/L/LawrTr00.htm
Zach Wilson,https://www.pro-football-reference.com/players/W/WilsZa00.htm
Trey Lance,https://www.pro-football-reference.com/players/L/LancTr00.htm
Justin Fields,https://www.pro-football-reference.com/players/F/FielJu00.htm
Mac Jones,https://www.pro-football-reference.com/players/J/JoneMa05.htm
Davis Mills,https://www.pro-football-reference.com/players/M/MillDa02.htm
Sam Ehlinger,https://www.pro-football-reference.com/players/E/EhliSa00.htm
Joe Burrow,https://www.pro-football-reference.com/players/B/BurrJo01.htm
Tua Tagovailoa,https://www.pro-football-reference.com/players/T/TagoTu00.htm
Justin Herbert,https://www.pro-football-reference.com/players/H/HerbJu00.htm
Jordan Love,https://www.pro-football-reference.com/players/L/LoveJo03.htm
Jalen Hurts,https://www.pro-football-reference.com/players/H/HurtJa00.htm
Jacob Eason,https://www.pro-football-reference.com/players/E/EasoJa00.htm
Jake Luton,https://www.pro-football-reference.com/players/L/LutoJa00.htm
Ben DiNucci,https://www.pro-football-reference.com/players/D/DiNuBe00.htm
Tommy Stevens,https://www.pro-football-reference.com/players/S/StevTo01.htm
Kyler Murray,https://www.pro-football-reference.com/players/M/MurrKy00.htm
Daniel Jones,https://www.pro-football-reference.com/players/J/JoneDa05.htm
Dwayne Haskins,https://www.pro-football-reference.com/players/H/HaskDw00.htm
Drew Lock,https://www.pro-football-reference.com/players/L/LockDr00.htm
Will Grier,https://www.pro-football-reference.com/players/G/GrieWi00.htm
Ryan Finley,https://www.pro-football-reference.com/players/F/FinlRy00.htm
Jarrett Stidham,https://www.pro-football-reference.com/players/S/StidJa00.htm
Easton Stick,https://www.pro-football-reference.com/players/S/SticEa00.htm
Trace McSorley,https://www.pro-football-reference.com/players/M/McSoTr00.htm
Baker Mayfield,https://www.pro-football-reference.com/players/M/MayfBa00.htm
Sam Darnold,https://www.pro-football-reference.com/players/D/DarnSa00.htm
Josh Allen,https://www.pro-football-reference.com/players/A/AlleJo03.htm
Josh Rosen,https://www.pro-football-reference.com/players/R/RoseJo01.htm
Lamar Jackson,https://www.pro-football-reference.com/players/J/JackLa02.htm
Mason Rudolph,https://www.pro-football-reference.com/players/R/RudoMa00.htm
Kyle Lauletta,https://www.pro-football-reference.com/players/L/LaulKy00.htm
Mike White,https://www.pro-football-reference.com/players/W/WhitMi01.htm
Luke Falk,https://www.pro-football-reference.com/players/F/FalkLu00.htm
Logan Woodside,https://www.pro-football-reference.com/players/W/WoodLo00.htm
Mitchell Trubisky,https://www.pro-football-reference.com/players/T/TrubMi00.htm
Patrick Mahomes,https://www.pro-football-reference.com/players/M/MahoPa00.htm
Deshaun Watson,https://www.pro-football-reference.com/players/W/WatsDe00.htm
DeShone Kizer,https://www.pro-football-reference.com/players/K/KizeDe00.htm
Davis Webb,https://www.pro-football-reference.com/players/W/WebbDa00.htm
C.J. Beathard,https://www.pro-football-reference.com/players/B/BeatC.00.htm
Joshua Dobbs,https://www.pro-football-reference.com/players/D/DobbJo00.htm
Nathan Peterman,https://www.pro-football-reference.com/players/P/PeteNa00.htm
Chad Kelly,https://www.pro-football-reference.com/players/K/KellCh00.htm
Jared Goff,https://www.pro-football-reference.com/players/G/GoffJa00.htm
Carson Wentz,https://www.pro-football-reference.com/players/W/WentCa00.htm
Paxton Lynch,https://www.pro-football-reference.com/players/L/LyncPa00.htm
Jacoby Brissett,https://www.pro-football-reference.com/players/B/BrisJa00.htm
Cody Kessler,https://www.pro-football-reference.com/players/K/KessCo00.htm
Connor Cook,https://www.pro-football-reference.com/players/C/CookCo00.htm
Dak Prescott,https://www.pro-football-reference.com/players/P/PresDa01.htm
Cardale Jones,https://www.pro-football-reference.com/players/J/JoneCa01.htm
Kevin Hogan,https://www.pro-football-reference.com/players/H/HogaKe00.htm
Nate Sudfeld,https://www.pro-football-reference.com/players/S/SudfNa00.htm
Jake Rudock,https://www.pro-football-reference.com/players/R/RudoJa00.htm
Brandon Allen,https://www.pro-football-reference.com/players/A/AlleBr00.htm
Jeff Driskel,https://www.pro-football-reference.com/players/D/DrisJe00.htm
Jameis Winston,https://www.pro-football-reference.com/players/W/WinsJa00.htm
Marcus Mariota,https://www.pro-football-reference.com/players/M/MariMa01.htm
Garrett Grayson,https://www.pro-football-reference.com/players/G/GrayGa00.htm
Sean Mannion,https://www.pro-football-reference.com/players/M/MannSe00.htm
Bryce Petty,https://www.pro-football-reference.com/players/P/PettBr01.htm
Brett Hundley,https://www.pro-football-reference.com/players/H/HundBr00.htm
Trevor Siemian,https://www.pro-football-reference.com/players/S/SiemTr00.htm
Blake Bortles,https://www.pro-football-reference.com/players/B/BortBl00.htm
Johnny Manziel,https://www.pro-football-reference.com/players/M/ManzJo00.htm
Teddy Bridgewater,https://www.pro-football-reference.com/players/B/BridTe00.htm
Derek Carr,https://www.pro-football-reference.com/players/C/CarrDe02.htm
Jimmy Garoppolo,https://www.pro-football-reference.com/players/G/GaroJi00.htm
Logan Thomas,https://www.pro-football-reference.com/players/T/ThomLo00.htm
Tom Savage,https://www.pro-football-reference.com/players/S/SavaTo00.htm
A.J. McCarron,https://www.pro-football-reference.com/players/M/McCaA.00.htm
Zach Mettenberger,https://www.pro-football-reference.com/players/M/MettZa00.htm
David Fales,https://www.pro-football-reference.com/players/F/FaleDa00.htm
Garrett Gilbert,https://www.pro-football-reference.com/players/G/GilbGa01.htm
EJ Manuel,https://www.pro-football-reference.com/players/M/ManuEJ00.htm
Geno Smith,https://www.pro-football-reference.com/players/S/SmitGe00.htm
Mike Glennon,https://www.pro-football-reference.com/players/G/GlenMi00.htm
Matt Barkley,https://www.pro-football-reference.com/players/B/BarkMa00.htm
Ryan Nassib,https://www.pro-football-reference.com/players/N/NassRy00.htm
Landry Jones,https://www.pro-football-reference.com/players/J/JoneLa02.htm
B.J. Daniels,https://www.pro-football-reference.com/players/D/DaniB.00.htm
Sean Renfree,https://www.pro-football-reference.com/players/R/RenfSe00.htm
Andrew Luck,https://www.pro-football-reference.com/players/L/LuckAn00.htm
Ryan Tannehill,https://www.pro-football-reference.com/players/T/TannRy00.htm
Brandon Weeden,https://www.pro-football-reference.com/players/W/WeedBr00.htm
Brock Osweiler,https://www.pro-football-reference.com/players/O/OsweBr00.htm
Russell Wilson,https://www.pro-football-reference.com/players/W/WilsRu00.htm
Kirk Cousins,https://www.pro-football-reference.com/players/C/CousKi00.htm
Ryan Lindley,https://www.pro-football-reference.com/players/L/LindRy00.htm
Terrelle Pryor,https://www.pro-football-reference.com/players/P/PryoTe00.htm
Cam Newton,https://www.pro-football-reference.com/players/N/NewtCa00.htm
Jake Locker,https://www.pro-football-reference.com/players/L/LockJa00.htm
Blaine Gabbert,https://www.pro-football-reference.com/players/G/GabbBl00.htm
Christian Ponder,https://www.pro-football-reference.com/players/P/PondCh00.htm
Andy Dalton,https://www.pro-football-reference.com/players/D/DaltAn00.htm
Colin Kaepernick,https://www.pro-football-reference.com/players/K/KaepCo00.htm
Ryan Mallett,https://www.pro-football-reference.com/players/M/MallRy00.htm
T.J. Yates,https://www.pro-football-reference.com/players/Y/YateT.00.htm
Tyrod Taylor,https://www.pro-football-reference.com/players/T/TaylTy00.htm
Greg McElroy,https://www.pro-football-reference.com/players/M/McElGr00.htm
Sam Bradford,https://www.pro-football-reference.com/players/B/BradSa00.htm
Tim Tebow,https://www.pro-football-reference.com/players/T/TeboTi00.htm
Jimmy Clausen,https://www.pro-football-reference.com/players/C/ClauJi00.htm
Colt McCoy,https://www.pro-football-reference.com/players/M/McCoCo00.htm
Mike Kafka,https://www.pro-football-reference.com/players/K/KafkMi00.htm
John Skelton,https://www.pro-football-reference.com/players/S/SkelJo00.htm
Rusty Smith,https://www.pro-football-reference.com/players/S/SmitRu01.htm
Joe Webb,https://www.pro-football-reference.com/players/W/WebbJo00.htm
Tony Pike,https://www.pro-football-reference.com/players/P/PikeTo00.htm
Levi Brown,https://www.pro-football-reference.com/players/B/BrowLe00.htm
Matthew Stafford,https://www.pro-football-reference.com/players/S/StafMa00.htm
Mark Sanchez,https://www.pro-football-reference.com/players/S/SancMa00.htm
Josh Freeman,https://www.pro-football-reference.com/players/F/FreeJo00.htm
Pat White,https://www.pro-football-reference.com/players/W/WhitPa01.htm
Stephen McGee,https://www.pro-football-reference.com/players/M/McGeSt00.htm
Nate Davis,https://www.pro-football-reference.com/players/D/DaviNa01.htm
Tom Brandstater,https://www.pro-football-reference.com/players/B/BranTo00.htm
Keith Null,https://www.pro-football-reference.com/players/N/NullKe00.htm
Curtis Painter,https://www.pro-football-reference.com/players/P/PainCu00.htm
Matt Ryan,https://www.pro-football-reference.com/players/R/RyanMa00.htm
Joe Flacco,https://www.pro-football-reference.com/players/F/FlacJo00.htm
Brian Brohm,https://www.pro-football-reference.com/players/B/BrohBr00.htm
Chad Henne,https://www.pro-football-reference.com/players/H/HennCh01.htm
Kevin O'Connell,https://www.pro-football-reference.com/players/O/OConKe00.htm
Dennis Dixon,https://www.pro-football-reference.com/players/D/DixoDe00.htm
Josh Johnson,https://www.pro-football-reference.com/players/J/JohnJo06.htm
Matt Flynn,https://www.pro-football-reference.com/players/F/FlynMa00.htm
JaMarcus Russell,https://www.pro-football-reference.com/players/R/RussJa00.htm
Brady Quinn,https://www.pro-football-reference.com/players/Q/QuinBr00.htm
Kevin Kolb,https://www.pro-football-reference.com/players/K/KolbKe00.htm
John Beck,https://www.pro-football-reference.com/players/B/BeckJo00.htm
Drew Stanton,https://www.pro-football-reference.com/players/S/StanDr00.htm
Trent Edwards,https://www.pro-football-reference.com/players/E/EdwaTr01.htm
Isaiah Stanback,https://www.pro-football-reference.com/players/S/StanIs00.htm
Jeff Rowe,https://www.pro-football-reference.com/players/R/RoweJe00.htm
Troy Smith,https://www.pro-football-reference.com/players/S/SmitTr02.htm
Jordan Palmer,https://www.pro-football-reference.com/players/P/PalmJo20.htm
Tyler Thigpen,https://www.pro-football-reference.com/players/T/ThigTy00.htm
Vince Young,https://www.pro-football-reference.com/players/Y/YounVi00.htm
Matt Leinart,https://www.pro-football-reference.com/players/L/LeinMa00.htm
Jay Cutler,https://www.pro-football-reference.com/players/C/CutlJa00.htm
Kellen Clemens,https://www.pro-football-reference.com/players/C/ClemKe00.htm
Tarvaris Jackson,https://www.pro-football-reference.com/players/J/JackTa00.htm
Charlie Whitehurst,https://www.pro-football-reference.com/players/W/WhitCh02.htm
Brodie Croyle,https://www.pro-football-reference.com/players/C/CroyBr00.htm
Ingle Martin,https://www.pro-football-reference.com/players/M/MartIn00.htm
Reggie McNeal,https://www.pro-football-reference.com/players/M/McNeRe00.htm
Bruce Gradkowski,https://www.pro-football-reference.com/players/G/GradBr00.htm
Alex Smith,https://www.pro-football-reference.com/players/S/SmitAl03.htm
Aaron Rodgers,https://www.pro-football-reference.com/players/R/RodgAa00.htm
Jason Campbell,https://www.pro-football-reference.com/players/C/CampJa00.htm
Charlie Frye,https://www.pro-football-reference.com/players/F/FryeCh00.htm
Andrew Walter,https://www.pro-football-reference.com/players/W/WaltAn00.htm
Kyle Orton,https://www.pro-football-reference.com/players/O/OrtoKy00.htm
Dan Orlovsky,https://www.pro-football-reference.com/players/O/OrloDa00.htm
Derek Anderson,https://www.pro-football-reference.com/players/A/AndeDe00.htm
Matt Cassel,https://www.pro-football-reference.com/players/C/CassMa00.htm
Ryan Fitzpatrick,https://www.pro-football-reference.com/players/F/FitzRy00.htm
Eli Manning,https://www.pro-football-reference.com/players/M/MannEl00.htm
Philip Rivers,https://www.pro-football-reference.com/players/R/RivePh00.htm
Ben Roethlisberger,https://www.pro-football-reference.com/players/R/RoetBe00.htm
J.P. Losman,https://www.pro-football-reference.com/players/L/LosmJ.00.htm
Matt Schaub,https://www.pro-football-reference.com/players/S/SchaMa00.htm
Luke McCown,https://www.pro-football-reference.com/players/M/McCoLu00.htm
Craig Krenzel,https://www.pro-football-reference.com/players/K/KrenCr00.htm
Josh Harris,https://www.pro-football-reference.com/players/H/HarrJo04.htm
Jim Sorgi,https://www.pro-football-reference.com/players/S/SorgJi00.htm
John Navarre,https://www.pro-football-reference.com/players/N/NavaJo00.htm
Cody Pickett,https://www.pro-football-reference.com/players/P/PickCo00.htm
Matt Mauck,https://www.pro-football-reference.com/players/M/MaucMa00.htm
Bradlee Van Pelt,https://www.pro-football-reference.com/players/V/VanPBr00.htm
Carson Palmer,https://www.pro-football-reference.com/players/P/PalmCa00.htm
Byron Leftwich,https://www.pro-football-reference.com/players/L/LeftBy00.htm
Kyle Boller,https://www.pro-football-reference.com/players/B/BollKy00.htm
Rex Grossman,https://www.pro-football-reference.com/players/G/GrosRe00.htm
Chris Simms,https://www.pro-football-reference.com/players/S/SimmCh00.htm
Seneca Wallace,https://www.pro-football-reference.com/players/W/WallSe00.htm
Brian St. Pierre,https://www.pro-football-reference.com/players/S/St.PBr20.htm
Drew Henson,https://www.pro-football-reference.com/players/H/HensDr00.htm
Brooks Bollinger,https://www.pro-football-reference.com/players/B/BollBr00.htm
Kliff Kingsbury,https://www.pro-football-reference.com/players/K/KingKl00.htm
Gibran Hamdan,https://www.pro-football-reference.com/players/H/HamdGi00.htm
Ken Dorsey,https://www.pro-football-reference.com/players/D/DorsKe00.htm
David Carr,https://www.pro-football-reference.com/players/C/CarrDa00.htm
Joey Harrington,https://www.pro-football-reference.com/players/H/HarrJo00.htm
Patrick Ramsey,https://www.pro-football-reference.com/players/R/RamsPa00.htm
Josh McCown,https://www.pro-football-reference.com/players/M/McCoJo01.htm
David Garrard,https://www.pro-football-reference.com/players/G/GarrDa00.htm
Rohan Davey,https://www.pro-football-reference.com/players/D/DaveRo01.htm
Randy Fasani,https://www.pro-football-reference.com/players/F/FasaRa00.htm
Kurt Kittner,https://www.pro-football-reference.com/players/K/KittKu00.htm
Craig Nall,https://www.pro-football-reference.com/players/N/NallCr00.htm
J.T. O'Sullivan,https://www.pro-football-reference.com/players/O/OSulJ.00.htm
Jeff Kelly,https://www.pro-football-reference.com/players/K/KellJe20.htm
Ronald Curry,https://www.pro-football-reference.com/players/C/CurrRo01.htm
Michael Vick,https://www.pro-football-reference.com/players/V/VickMi00.htm
Drew Brees,https://www.pro-football-reference.com/players/B/BreeDr00.htm
Quincy Carter,https://www.pro-football-reference.com/players/C/CartQu00.htm
Marques Tuiasosopo,https://www.pro-football-reference.com/players/T/TuiaMa00.htm
Chris Weinke,https://www.pro-football-reference.com/players/W/WeinCh00.htm
Sage Rosenfels,https://www.pro-football-reference.com/players/R/RoseSa00.htm
Jesse Palmer,https://www.pro-football-reference.com/players/P/PalmJe00.htm
Mike McMahon,https://www.pro-football-reference.com/players/M/McMaMi00.htm
A.J. Feeley,https://www.pro-football-reference.com/players/F/FeelA.00.htm
Chad Pennington,https://www.pro-football-reference.com/players/P/PennCh01.htm
Chris Redman,https://www.pro-football-reference.com/players/R/RedmCh00.htm
Tee Martin,https://www.pro-football-reference.com/players/M/MartTe00.htm
Marc Bulger,https://www.pro-football-reference.com/players/B/BulgMa00.htm
Spergon Wynn,https://www.pro-football-reference.com/players/W/WynnSp00.htm
Tom Brady,https://www.pro-football-reference.com/players/B/BradTo00.htm
Todd Husak,https://www.pro-football-reference.com/players/H/HusaTo20.htm
Tim Rattay,https://www.pro-football-reference.com/players/R/RattTi00.htm
Jarious Jackson,https://www.pro-football-reference.com/players/J/JackJa01.htm
Joe Hamilton,https://www.pro-football-reference.com/players/H/HamiJo20.htm
Tim Couch,https://www.pro-football-reference.com/players/C/CoucTi00.htm
Donovan McNabb,https://www.pro-football-reference.com/players/M/McNaDo00.htm
Akili Smith,https://www.pro-football-reference.com/players/S/SmitAk00.htm
Daunte Culpepper,https://www.pro-football-reference.com/players/C/CulpDa00.htm
Cade McNown,https://www.pro-football-reference.com/players/M/McNoCa00.htm
Shaun King,https://www.pro-football-reference.com/players/K/KingSh00.htm
Brock Huard,https://www.pro-football-reference.com/players/H/HuarBr00.htm
Joe Germaine,https://www.pro-football-reference.com/players/G/GermJo00.htm
Aaron Brooks,https://www.pro-football-reference.com/players/B/BrooAa00.htm
Michael Bishop,https://www.pro-football-reference.com/players/B/BishMi00.htm
Chris Greisen,https://www.pro-football-reference.com/players/G/GreiCh00.htm
Scott Covington,https://www.pro-football-reference.com/players/C/CoviSc00.htm
Peyton Manning,https://www.pro-football-reference.com/players/M/MannPe00.htm
Ryan Leaf,https://www.pro-football-reference.com/players/L/LeafRy00.htm
Charlie Batch,https://www.pro-football-reference.com/players/B/BatcCh00.htm
Jonathan Quinn,https://www.pro-football-reference.com/players/Q/QuinJo00.htm
Brian Griese,https://www.pro-football-reference.com/players/G/GrieBr00.htm
John Dutton,https://www.pro-football-reference.com/players/D/DuttJo00.htm
Matt Hasselbeck,https://www.pro-football-reference.com/players/H/HassMa00.htm
Moses Moreno,https://www.pro-football-reference.com/players/M/MoreMo00.htm
Jim Druckenmiller,https://www.pro-football-reference.com/players/D/DrucJi00.htm
Jake Plummer,https://www.pro-football-reference.com/players/P/PlumJa00.htm
Danny Wuerffel,https://www.pro-football-reference.com/players/W/WuerDa00.htm
Pat Barnes,https://www.pro-football-reference.com/players/B/BarnPa20.htm
Mike Cherry,https://www.pro-football-reference.com/players/C/CherMi00.htm
Chuck Clements,https://www.pro-football-reference.com/players/C/ClemCh21.htm
Tony Graziani,https://www.pro-football-reference.com/players/G/GrazTo00.htm
Koy Detmer,https://www.pro-football-reference.com/players/D/DetmKo00.htm
Wally Richardson,https://www.pro-football-reference.com/players/R/RichWa00.htm
Tony Banks,https://www.pro-football-reference.com/players/B/BankTo00.htm
Bobby Hoying,https://www.pro-football-reference.com/players/H/HoyiBo00.htm
Jeff Lewis,https://www.pro-football-reference.com/players/L/LewiJe01.htm
Danny Kanell,https://www.pro-football-reference.com/players/K/KaneDa00.htm
Steve McNair,https://www.pro-football-reference.com/players/M/McNaSt00.htm
Kerry Collins,https://www.pro-football-reference.com/players/C/CollKe00.htm
Todd Collins,https://www.pro-football-reference.com/players/C/CollTo00.htm
Kordell Stewart,https://www.pro-football-reference.com/players/S/StewKo00.htm
Stoney Case,https://www.pro-football-reference.com/players/C/CaseSt00.htm
Eric Zeier,https://www.pro-football-reference.com/players/Z/ZeieEr00.htm
Rob Johnson,https://www.pro-football-reference.com/players/J/JohnRo00.htm
Dave Barr,https://www.pro-football-reference.com/players/B/BarrDa20.htm
Steve Stenstrom,https://www.pro-football-reference.com/players/S/StenSt00.htm
Craig Whelihan,https://www.pro-football-reference.com/players/W/WhelCr00.htm
Heath Shuler,https://www.pro-football-reference.com/players/S/ShulHe00.htm
Trent Dilfer,https://www.pro-football-reference.com/players/D/DilfTr00.htm
Perry Klein,https://www.pro-football-reference.com/players/K/KleiPe20.htm
Doug Nussmeier,https://www.pro-football-reference.com/players/N/NussDo00.htm
Jim Miller,https://www.pro-football-reference.com/players/M/MillJi00.htm
Gus Frerotte,https://www.pro-football-reference.com/players/F/FrerGu00.htm
Jay Walker,https://www.pro-football-reference.com/players/W/WalkJa22.htm
Steve Matthews,https://www.pro-football-reference.com/players/M/MattSt00.htm
Glenn Foley,https://www.pro-football-reference.com/players/F/FoleGl00.htm
Drew Bledsoe,https://www.pro-football-reference.com/players/B/BledDr00.htm
Rick Mirer,https://www.pro-football-reference.com/players/M/MireRi00.htm
Billy Joe Hobert,https://www.pro-football-reference.com/players/H/HobeBi00.htm
Mark Brunell,https://www.pro-football-reference.com/players/B/BrunMa00.htm
Gino Torretta,https://www.pro-football-reference.com/players/T/ToreGi00.htm
Alex Van Pelt,https://www.pro-football-reference.com/players/V/VanPAl00.htm
Elvis Grbac,https://www.pro-football-reference.com/players/G/GrbaEl00.htm
Trent Green,https://www.pro-football-reference.com/players/G/GreeTr00.htm
Dave Brown,https://www.pro-football-reference.com/players/B/BrowDa00.htm
David Klingler,https://www.pro-football-reference.com/players/K/KlinDa00.htm
Tommy Maddox,https://www.pro-football-reference.com/players/M/MaddTo00.htm
Matt Blundin,https://www.pro-football-reference.com/players/B/BlunMa00.htm
Tony Sacca,https://www.pro-football-reference.com/players/S/SaccTo00.htm
Craig Erickson,https://www.pro-football-reference.com/players/E/EricCr00.htm
Casey Weldon,https://www.pro-football-reference.com/players/W/WeldCa00.htm
Will Furrer,https://www.pro-football-reference.com/players/F/FurrWi00.htm
Jeff Blake,https://www.pro-football-reference.com/players/B/BlakJe00.htm
Ricky Jones,https://www.pro-football-reference.com/players/J/JoneRi21.htm
Kent Graham,https://www.pro-football-reference.com/players/G/GrahKe00.htm
Bucky Richardson,https://www.pro-football-reference.com/players/R/RichBu00.htm
Brad Johnson,https://www.pro-football-reference.com/players/J/JohnBr00.htm
T.J. Rubley,https://www.pro-football-reference.com/players/R/RublTJ00.htm
Ty Detmer,https://www.pro-football-reference.com/players/D/DetmTy00.htm
Dan McGwire,https://www.pro-football-reference.com/players/M/McGwDa00.htm
Todd Marinovich,https://www.pro-football-reference.com/players/M/MariTo00.htm
Brett Favre,https://www.pro-football-reference.com/players/F/FavrBr00.htm
Browning Nagle,https://www.pro-football-reference.com/players/N/NaglBr00.htm
Scott Zolak,https://www.pro-football-reference.com/players/Z/ZolaSc00.htm
Donald Hollas,https://www.pro-football-reference.com/players/H/HollDo00.htm
Paul Justin,https://www.pro-football-reference.com/players/J/JustPa00.htm
Shawn Moore,https://www.pro-football-reference.com/players/M/MoorSh00.htm
Jeff George,https://www.pro-football-reference.com/players/G/GeorJe00.htm
Andre Ware,https://www.pro-football-reference.com/players/W/WareAn00.htm
Peter Tom Willis,https://www.pro-football-reference.com/players/W/WillPe00.htm
Neil O'Donnell,https://www.pro-football-reference.com/players/O/ODonNe00.htm
Troy Taylor,https://www.pro-football-reference.com/players/T/TaylTr00.htm
Cary Conklin,https://www.pro-football-reference.com/players/C/ConkCa00.htm
Scott Mitchell,https://www.pro-football-reference.com/players/M/MitcSc00.htm
Craig Kupp,https://www.pro-football-reference.com/players/K/KuppCr20.htm
John Friesz,https://www.pro-football-reference.com/players/F/FrieJo00.htm
Mike Buck,https://www.pro-football-reference.com/players/B/BuckMi00.htm
Steve Walsh,https://www.pro-football-reference.com/players/W/WalsSt00.htm
Timm Rosenbach,https://www.pro-football-reference.com/players/R/RoseTi00.htm
Troy Aikman,https://www.pro-football-reference.com/players/A/AikmTr00.htm
Mike Elkins,https://www.pro-football-reference.com/players/E/ElkiMi00.htm
Billy Joe Tolliver,https://www.pro-football-reference.com/players/T/TollBi00.htm
Anthony Dilweg,https://www.pro-football-reference.com/players/D/DilwAn00.htm
Erik Wilhelm,https://www.pro-football-reference.com/players/W/WilhEr00.htm
Jeff Graham,https://www.pro-football-reference.com/players/G/GrahJe00.htm
Jeff Carlson,https://www.pro-football-reference.com/players/C/CarlJe00.htm
Jeff Francis,https://www.pro-football-reference.com/players/F/FranJe20.htm
Rodney Peete,https://www.pro-football-reference.com/players/P/PeetRo00.htm
Steve Taylor,https://www.pro-football-reference.com/players/T/TaylSt20.htm
Tom Tupa,https://www.pro-football-reference.com/players/T/TupaTo20.htm
Chris Chandler,https://www.pro-football-reference.com/players/C/ChanCh00.htm
Scott Secules,https://www.pro-football-reference.com/players/S/SecuSc00.htm
Stan Humphries,https://www.pro-football-reference.com/players/H/HumpSt00.htm
Kerwin Bell,https://www.pro-football-reference.com/players/B/BellKe00.htm
Vinny Testaverde,https://www.pro-football-reference.com/players/T/TestVi00.htm
Kelly Stouffer,https://www.pro-football-reference.com/players/S/StouKe00.htm
Chris Miller,https://www.pro-football-reference.com/players/M/MillCh00.htm
Jim Harbaugh,https://www.pro-football-reference.com/players/H/HarbJi00.htm
Cody Carlson,https://www.pro-football-reference.com/players/C/CarlCo00.htm
Mark Vlasic,https://www.pro-football-reference.com/players/V/VlasMa00.htm
Rich Gannon,https://www.pro-football-reference.com/players/G/GannRi00.htm
Steve Beuerlein,https://www.pro-football-reference.com/players/B/BeueSt00.htm
Kevin Sweeney,https://www.pro-football-reference.com/players/S/SweeKe00.htm
Doug Hudson,https://www.pro-football-reference.com/players/H/HudsDo20.htm
Sammy Garza,https://www.pro-football-reference.com/players/G/GarzSa20.htm
Don Majkowski,https://www.pro-football-reference.com/players/M/MajkDo00.htm
Brent Pease,https://www.pro-football-reference.com/players/P/PeasBr00.htm
Dave Walter,https://www.pro-football-reference.com/players/W/WaltDa20.htm
Jim Everett,https://www.pro-football-reference.com/players/E/EverJi00.htm
Chuck Long,https://www.pro-football-reference.com/players/L/LongCh00.htm
Jack Trudeau,https://www.pro-football-reference.com/players/T/TrudJa00.htm
Bubby Brister,https://www.pro-football-reference.com/players/B/BrisBu00.htm
Hugh Millen,https://www.pro-football-reference.com/players/M/MillHu00.htm
Doug Gaynor,https://www.pro-football-reference.com/players/G/GaynDo20.htm
Mark Rypien,https://www.pro-football-reference.com/players/R/RypiMa00.htm
Stan Gelbaugh,https://www.pro-football-reference.com/players/G/GelbSt00.htm
Mike Norseth,https://www.pro-football-reference.com/players/N/NorsMi20.htm
David Norrie,https://www.pro-football-reference.com/players/N/NorrDa20.htm
Kent Austin,https://www.pro-football-reference.com/players/A/AustKe20.htm
Brian McClure,https://www.pro-football-reference.com/players/M/McClBr20.htm
Steve Bradley,https://www.pro-football-reference.com/players/B/BradSt20.htm
Bernie Kosar,https://www.pro-football-reference.com/players/K/KosaBe00.htm
Randall Cunningham,https://www.pro-football-reference.com/players/C/CunnRa00.htm
Frank Reich,https://www.pro-football-reference.com/players/R/ReicFr00.htm
Steve Bono,https://www.pro-football-reference.com/players/B/BonoSt00.htm
Rusty Hilger,https://www.pro-football-reference.com/players/H/HilgRu00.htm
John Conner,https://www.pro-football-reference.com/players/C/ConnJo00.htm
Doug Flutie,https://www.pro-football-reference.com/players/F/FlutDo00.htm
Joe Shield,https://www.pro-football-reference.com/players/S/ShieJo20.htm
Steve Young,https://www.pro-football-reference.com/players/Y/YounSt00.htm
Steve Smith,https://www.pro-football-reference.com/players/S/SmitSt02.htm
Rick Johnson,https://www.pro-football-reference.com/players/J/JohnRi22.htm
Tim Riordan,https://www.pro-football-reference.com/players/R/RiorTi20.htm
Frank Seurer,https://www.pro-football-reference.com/players/S/SeurFr00.htm
Boomer Esiason,https://www.pro-football-reference.com/players/E/EsiaBo00.htm
Jeff Hostetler,https://www.pro-football-reference.com/players/H/HostJe00.htm
Rick McIvor,https://www.pro-football-reference.com/players/M/McIvRi20.htm
Jay Schroeder,https://www.pro-football-reference.com/players/S/SchrJa00.htm
Steve Pelluer,https://www.pro-football-reference.com/players/P/PellSt00.htm
Dean May,https://www.pro-football-reference.com/players/M/MayxDe20.htm
Ben Bennett,https://www.pro-football-reference.com/players/B/BennBe20.htm
Randy Wright,https://www.pro-football-reference.com/players/W/WrigRa00.htm
Terry Nugent,https://www.pro-football-reference.com/players/N/NugeTe20.htm
John Witkowski,https://www.pro-football-reference.com/players/W/WitkJo00.htm
Scott Campbell,https://www.pro-football-reference.com/players/C/CampSc00.htm
Blair Kiel,https://www.pro-football-reference.com/players/K/KielBl00.htm
Kyle Mackey,https://www.pro-football-reference.com/players/M/MackKy00.htm
John Elway,https://www.pro-football-reference.com/players/E/ElwaJo00.htm
Todd Blackledge,https://www.pro-football-reference.com/players/B/BlacTo00.htm
Jim Kelly,https://www.pro-football-reference.com/players/K/KellJi00.htm
Tony Eason,https://www.pro-football-reference.com/players/E/EasoTo00.htm
Ken O'Brien,https://www.pro-football-reference.com/players/O/OBriKe00.htm
Dan Marino,https://www.pro-football-reference.com/players/M/MariDa00.htm
Jeff Christensen,https://www.pro-football-reference.com/players/C/ChriJe20.htm
Reggie Collier,https://www.pro-football-reference.com/players/C/CollRe20.htm
Babe Laufenberg,https://www.pro-football-reference.com/players/L/LaufBa00.htm
Gary Kubiak,https://www.pro-football-reference.com/players/K/KubiGa00.htm
Tom Ramsey,https://www.pro-football-reference.com/players/R/RamsTo00.htm
Bruce Mathison,https://www.pro-football-reference.com/players/M/MathBr00.htm
Jim Bob Taylor,https://www.pro-football-reference.com/players/T/TaylJi20.htm
Art Schlichter,https://www.pro-football-reference.com/players/S/SchlAr00.htm
Jim McMahon,https://www.pro-football-reference.com/players/M/McMaJi00.htm
Oliver Luck,https://www.pro-football-reference.com/players/L/LuckOl00.htm
Matt Kofler,https://www.pro-football-reference.com/players/K/KoflMa00.htm
Mike Pagel,https://www.pro-football-reference.com/players/P/PageMi00.htm
Mike Kelley,https://www.pro-football-reference.com/players/K/KellMi21.htm
Mike Machurek,https://www.pro-football-reference.com/players/M/MachMi00.htm
Bryan Clark,https://www.pro-football-reference.com/players/C/ClarBr22.htm
Bob Holly,https://www.pro-football-reference.com/players/H/HollBo00.htm
Dave Wilson,https://www.pro-football-reference.com/players/W/WilsDa00.htm
Rich Campbell,https://www.pro-football-reference.com/players/C/CampRi00.htm
Neil Lomax,https://www.pro-football-reference.com/players/L/LomaNe00.htm
Tom Flick,https://www.pro-football-reference.com/players/F/FlicTo00.htm
Mark Herrmann,https://www.pro-football-reference.com/players/H/HerrMa00.htm
Mark Reed,https://www.pro-football-reference.com/players/R/ReedMa20.htm
Wade Wilson,https://www.pro-football-reference.com/players/W/WilsWa00.htm
Mike Ford,https://www.pro-football-reference.com/players/F/FordMi01.htm
Jim Jensen,https://www.pro-football-reference.com/players/J/JensJi00.htm
Rick Trocano,https://www.pro-football-reference.com/players/T/TrocRi20.htm
Bob Gagliano,https://www.pro-football-reference.com/players/G/GaglBo00.htm
Joe Adams,https://www.pro-football-reference.com/players/A/AdamJo01.htm
Marc Wilson,https://www.pro-football-reference.com/players/W/WilsMa00.htm
Mark Malone,https://www.pro-football-reference.com/players/M/MaloMa00.htm
Eric Hipple,https://www.pro-football-reference.com/players/H/HippEr00.htm
Rusty Lisch,https://www.pro-football-reference.com/players/L/LiscRu00.htm
Ed Luther,https://www.pro-football-reference.com/players/L/LuthEd00.htm
Paul McDonald,https://www.pro-football-reference.com/players/M/McDoPa00.htm
Gary Hogeboom,https://www.pro-football-reference.com/players/H/HogeGa00.htm
Scott Brunner,https://www.pro-football-reference.com/players/B/BrunSc00.htm
Craig Bradshaw,https://www.pro-football-reference.com/players/B/BradCr20.htm
David Woodley,https://www.pro-football-reference.com/players/W/WoodDa00.htm
Harold Bailey,https://www.pro-football-reference.com/players/B/BailHa00.htm
Turk Schonert,https://www.pro-football-reference.com/players/S/SchoTu00.htm
Mike Wright,https://www.pro-football-reference.com/players/W/WrigMi20.htm
Jimmy Jordan,https://www.pro-football-reference.com/players/J/JordJi20.htm
Jack Thompson,https://www.pro-football-reference.com/players/T/ThomJa00.htm
Phil Simms,https://www.pro-football-reference.com/players/S/SimmPh00.htm
Steve Fuller,https://www.pro-football-reference.com/players/F/FullSt00.htm
Joe Montana,https://www.pro-football-reference.com/players/M/MontJo01.htm
Steve Dils,https://www.pro-football-reference.com/players/D/DilsSt00.htm
Dan Manucci,https://www.pro-football-reference.com/players/M/ManuDa20.htm
Chuck Fusina,https://www.pro-football-reference.com/players/F/FusiCh00.htm
Mike Moroski,https://www.pro-football-reference.com/players/M/MoroMi00.htm
Jeff Komlo,https://www.pro-football-reference.com/players/K/KomlJe00.htm
Jeff Rutledge,https://www.pro-football-reference.com/players/R/RutlJe00.htm
Doug Williams,https://www.pro-football-reference.com/players/W/WillDo22.htm
Matt Cavanaugh,https://www.pro-football-reference.com/players/C/CavaMa00.htm
Guy Benjamin,https://www.pro-football-reference.com/players/B/BenjGu00.htm
Mark Miller,https://www.pro-football-reference.com/players/M/MillMa20.htm
Gifford Nielsen,https://www.pro-football-reference.com/players/N/NielGi00.htm
Mark Manges,https://www.pro-football-reference.com/players/M/MangMa20.htm
Rob Hertel,https://www.pro-football-reference.com/players/H/HertRo20.htm
Dennis Sproul,https://www.pro-football-reference.com/players/S/SproDe20.htm
John Hurley,https://www.pro-football-reference.com/players/H/HurlJo21.htm
Pat Ryan,https://www.pro-football-reference.com/players/R/RyanPa00.htm
Bill Kenney,https://www.pro-football-reference.com/players/K/KennBi00.htm
Steve Pisarkiewicz,https://www.pro-football-reference.com/players/P/PisaSt00.htm
Tommy Kramer,https://www.pro-football-reference.com/players/K/KramTo00.htm
Glenn Carano,https://www.pro-football-reference.com/players/C/CaraGl00.htm
Vince Ferragamo,https://www.pro-football-reference.com/players/F/FerrVi00.htm
Randy Dean,https://www.pro-football-reference.com/players/D/DeanRa00.htm
Cliff Stoudt,https://www.pro-football-reference.com/players/S/StouCl00.htm
Cliff Olander,https://www.pro-football-reference.com/players/O/OlanCl00.htm
Vince Evans,https://www.pro-football-reference.com/players/E/EvanVi00.htm
Randy Hedberg,https://www.pro-football-reference.com/players/H/HedbRa00.htm
David Whitehurst,https://www.pro-football-reference.com/players/W/WhitDa02.htm
Matt Robinson,https://www.pro-football-reference.com/players/R/RobiMa01.htm
Sam Adkins,https://www.pro-football-reference.com/players/A/AdkiSa00.htm
Steve DeBerg,https://www.pro-football-reference.com/players/D/DebeSt00.htm
Richard Todd,https://www.pro-football-reference.com/players/T/ToddRi00.htm
Mike Kruczek,https://www.pro-football-reference.com/players/K/KrucMi00.htm
Jeb Blount,https://www.pro-football-reference.com/players/B/BlouJe00.htm
Steve Myer,https://www.pro-football-reference.com/players/M/MyerSt00.htm
Craig Penrose,https://www.pro-football-reference.com/players/P/PenrCr00.htm
Mike Kirkland,https://www.pro-football-reference.com/players/K/KirkMi00.htm
Scott Bull,https://www.pro-football-reference.com/players/B/BullSc00.htm
Parnell Dickinson,https://www.pro-football-reference.com/players/D/DickPa00.htm
Jerry Golsteyn,https://www.pro-football-reference.com/players/G/GolsJe00.htm
Steve Hamilton,https://www.pro-football-reference.com/players/H/HamiSt20.htm
Chris Rowland,https://www.pro-football-reference.com/players/R/RowlCh00.htm
Steve Bartkowski,https://www.pro-football-reference.com/players/B/BartSt00.htm
Mike Franckowiak,https://www.pro-football-reference.com/players/F/FranMi00.htm
Steve Grogan,https://www.pro-football-reference.com/players/G/GrogSt00.htm
David Humm,https://www.pro-football-reference.com/players/H/HummDa00.htm
Bob Avellini,https://www.pro-football-reference.com/players/A/AvelBo00.htm
Steve Joachim,https://www.pro-football-reference.com/players/J/JoacSt20.htm
Pat Haden,https://www.pro-football-reference.com/players/H/HadePa00.htm
Carlos Brown,https://www.pro-football-reference.com/players/B/BrowCa00.htm
Neal Jeffrey,https://www.pro-football-reference.com/players/J/JeffNe00.htm
Danny White,https://www.pro-football-reference.com/players/W/WhitDa01.htm
David Jaynes,https://www.pro-football-reference.com/players/J/JaynDa00.htm
Kim McQuilken,https://www.pro-football-reference.com/players/M/McQuKi00.htm
Gary Marangi,https://www.pro-football-reference.com/players/M/MaraGa00.htm
Carl Summerell,https://www.pro-football-reference.com/players/S/SummCa00.htm
Mike Boryla,https://www.pro-football-reference.com/players/B/BoryMi00.htm
Norris Weese,https://www.pro-football-reference.com/players/W/WeesNo00.htm
Jesse Freitas,https://www.pro-football-reference.com/players/F/FreiJe00.htm
Tom Owen,https://www.pro-football-reference.com/players/O/OwenTo00.htm
Bert Jones,https://www.pro-football-reference.com/players/J/JoneBe00.htm
Gary Huff,https://www.pro-football-reference.com/players/H/HuffGa00.htm
Ron Jaworski,https://www.pro-football-reference.com/players/J/JawoRo00.htm
Gary Keithley,https://www.pro-football-reference.com/players/K/KeitGa00.htm
Joe Ferguson,https://www.pro-football-reference.com/players/F/FergJo00.htm
Dan Fouts,https://www.pro-football-reference.com/players/F/FoutDa00.htm
Mike Wells,https://www.pro-football-reference.com/players/W/WellMi23.htm
Don Strock,https://www.pro-football-reference.com/players/S/StroDo00.htm
Mike Rae,https://www.pro-football-reference.com/players/R/RaexMi00.htm
Tony Adams,https://www.pro-football-reference.com/players/A/AdamTo00.htm
John Hufnagel,https://www.pro-football-reference.com/players/H/HufnJo00.htm
Dennis Morrison,https://www.pro-football-reference.com/players/M/MorrDe00.htm
Jerry Tagge,https://www.pro-football-reference.com/players/T/TaggJe00.htm
John Reaves,https://www.pro-football-reference.com/players/R/ReavJo00.htm
Pat Sullivan,https://www.pro-football-reference.com/players/S/SullPa00.htm
Dean Carlson,https://www.pro-football-reference.com/players/C/CarlDe00.htm
Craig Curry,https://www.pro-football-reference.com/players/C/CurrCr20.htm
Joe Gilliam,https://www.pro-football-reference.com/players/G/GillJo00.htm
James Hamilton,https://www.pro-football-reference.com/players/H/HamiJa20.htm
Brian Sipe,https://www.pro-football-reference.com/players/S/SipeBr00.htm
Neil Graff,https://www.pro-football-reference.com/players/G/GrafNe00.htm
Jim Plunkett,https://www.pro-football-reference.com/players/P/PlunJi00.htm
Archie Manning,https://www.pro-football-reference.com/players/M/MannAr00.htm
Dan Pastorini,https://www.pro-football-reference.com/players/P/PastDa00.htm
Lynn Dickey,https://www.pro-football-reference.com/players/D/DickLy00.htm
Leo Hart,https://www.pro-football-reference.com/players/H/HartLe00.htm
Ken Anderson,https://www.pro-football-reference.com/players/A/AndeKe20.htm
Joe Theismann,https://www.pro-football-reference.com/players/T/TheiJo00.htm
Bryant Salter,https://www.pro-football-reference.com/players/S/SaltBr20.htm
Scott Hunter,https://www.pro-football-reference.com/players/H/HuntSc00.htm
Frank Harris,https://www.pro-football-reference.com/players/H/HarrFr20.htm
Rex Kern,https://www.pro-football-reference.com/players/K/KernRe20.htm
Joe Reed,https://www.pro-football-reference.com/players/R/ReedJo03.htm
Bobby Scott,https://www.pro-football-reference.com/players/S/ScotBo00.htm
Terry Bradshaw,https://www.pro-football-reference.com/players/B/BradTe00.htm
Mike Phipps,https://www.pro-football-reference.com/players/P/PhipMi00.htm
Dennis Shaw,https://www.pro-football-reference.com/players/S/ShawDe00.htm
Bill Cappleman,https://www.pro-football-reference.com/players/C/CappBi00.htm
Steve Ramsey,https://www.pro-football-reference.com/players/R/RamsSt00.htm
Wayne Clark,https://www.pro-football-reference.com/players/C/ClarWa00.htm
